SlNo,State_Code,State,District_Key,District,Confirmed,Active,Recovered,Deceased,Migrated_Other,Delta_Confirmed,Delta_Active,Delta_Recovered,Delta_Deceased,District_Notes,Last_Updated
0,UN,State Unassigned,UN_Unassigned,Unassigned,7986,7986,0,0,0,183,183,0,0,,
1,AN,Andaman and Nicobar Islands,AN_Nicobars,Nicobars,0,0,0,0,0,0,0,0,0,,
2,AN,Andaman and Nicobar Islands,AN_North and Middle Andaman,North and Middle Andaman,1,0,1,0,0,0,0,0,0,,
3,AN,Andaman and Nicobar Islands,AN_South Andaman,South Andaman,35,3,32,0,0,0,0,0,0,,
0,AP,Andhra Pradesh,AP_Foreign Evacuees,Foreign Evacuees,337,285,52,0,0,0,0,0,0,,
4,AP,Andhra Pradesh,AP_Anantapur,Anantapur,870,564,299,7,0,0,0,0,0,,
5,AP,Andhra Pradesh,AP_Chittoor,Chittoor,591,313,272,6,0,0,0,0,0,,
6,AP,Andhra Pradesh,AP_East Godavari,East Godavari,619,322,292,5,0,0,0,0,0,,
7,AP,Andhra Pradesh,AP_Guntur,Guntur,802,290,501,11,0,0,0,0,0,,
8,AP,Andhra Pradesh,AP_Krishna,Krishna,1063,563,463,37,0,0,0,0,0,,
9,AP,Andhra Pradesh,AP_Kurnool,Kurnool,1354,557,762,35,0,0,0,0,0,,
0,AP,Andhra Pradesh,AP_Other State,Other State,1584,638,946,0,0,0,0,0,0,,
10,AP,Andhra Pradesh,AP_Prakasam,Prakasam,187,89,96,2,0,0,0,0,0,,
11,AP,Andhra Pradesh,AP_S.P.S. Nellore,S.P.S. Nellore,477,224,249,4,0,0,0,0,0,,
12,AP,Andhra Pradesh,AP_Srikakulam,Srikakulam,59,36,22,1,0,0,0,0,0,,
13,AP,Andhra Pradesh,AP_Visakhapatnam,Visakhapatnam,305,125,178,2,0,0,0,0,0,,
14,AP,Andhra Pradesh,AP_Vizianagaram,Vizianagaram,90,59,31,0,0,0,0,0,0,,
15,AP,Andhra Pradesh,AP_West Godavari,West Godavari,604,488,115,1,0,0,0,0,0,,
16,AP,Andhra Pradesh,AP_Y.S.R. Kadapa,Y.S.R. Kadapa,430,273,157,0,0,0,0,0,0,,
17,AR,Arunachal Pradesh,AR_Anjaw,Anjaw,0,0,0,0,0,0,0,0,0,,
18,AR,Arunachal Pradesh,AR_Changlang,Changlang,76,74,2,0,0,0,0,0,0,,
19,AR,Arunachal Pradesh,AR_East Kameng,East Kameng,0,0,0,0,0,0,0,0,0,,
20,AR,Arunachal Pradesh,AR_East Siang,East Siang,9,5,4,0,0,0,0,0,0,,
21,AR,Arunachal Pradesh,AR_Kamle,Kamle,0,0,0,0,0,0,0,0,0,,
22,AR,Arunachal Pradesh,AR_Kra Daadi,Kra Daadi,0,0,0,0,0,0,0,0,0,,
23,AR,Arunachal Pradesh,AR_Kurung Kumey,Kurung Kumey,0,0,0,0,0,0,0,0,0,,
24,AR,Arunachal Pradesh,AR_Lepa Rada,Lepa Rada,1,1,0,0,0,0,0,0,0,,
25,AR,Arunachal Pradesh,AR_Lohit,Lohit,4,2,2,0,0,0,0,0,0,,
26,AR,Arunachal Pradesh,AR_Longding,Longding,3,2,1,0,0,0,0,0,0,,
27,AR,Arunachal Pradesh,AR_Lower Dibang Valley,Lower Dibang Valley,3,3,0,0,0,0,0,0,0,,
28,AR,Arunachal Pradesh,AR_Lower Siang,Lower Siang,1,1,0,0,0,0,0,0,0,,
29,AR,Arunachal Pradesh,AR_Lower Subansiri,Lower Subansiri,0,0,0,0,0,0,0,0,0,,
30,AR,Arunachal Pradesh,AR_Namsai,Namsai,4,2,2,0,0,0,0,0,0,,
31,AR,Arunachal Pradesh,AR_Pakke Kessang,Pakke Kessang,1,0,1,0,0,0,0,0,0,,
32,AR,Arunachal Pradesh,AR_Papum Pare,Papum Pare,28,20,8,0,0,0,0,0,0,,
33,AR,Arunachal Pradesh,AR_Shi Yomi,Shi Yomi,0,0,0,0,0,0,0,0,0,,
34,AR,Arunachal Pradesh,AR_Siang,Siang,0,0,0,0,0,0,0,0,0,,
35,AR,Arunachal Pradesh,AR_Tawang,Tawang,1,1,0,0,0,0,0,0,0,,
36,AR,Arunachal Pradesh,AR_Tirap,Tirap,3,2,1,0,0,0,0,0,0,,
37,AR,Arunachal Pradesh,AR_Upper Dibang Valley,Upper Dibang Valley,0,0,0,0,0,0,0,0,0,,
38,AR,Arunachal Pradesh,AR_Upper Siang,Upper Siang,1,0,1,0,0,0,0,0,0,,
39,AR,Arunachal Pradesh,AR_Upper Subansiri,Upper Subansiri,0,0,0,0,0,0,0,0,0,,
40,AR,Arunachal Pradesh,AR_West Kameng,West Kameng,12,12,0,0,0,0,0,0,0,,
41,AR,Arunachal Pradesh,AR_West Siang,West Siang,1,1,0,0,0,0,0,0,0,,
0,AS,Assam,AS_Airport Quarantine,Airport Quarantine,4,4,0,0,0,0,0,0,0,,
42,AS,Assam,AS_Baksa,Baksa,77,77,0,0,0,0,0,0,0,,
43,AS,Assam,AS_Barpeta,Barpeta,147,92,55,0,0,0,0,0,0,,
44,AS,Assam,AS_Biswanath,Biswanath,56,40,16,0,0,0,0,0,0,,
45,AS,Assam,AS_Bongaigaon,Bongaigaon,24,17,7,0,0,0,0,0,0,,
46,AS,Assam,AS_Cachar,Cachar,98,16,82,0,0,0,0,0,0,,
47,AS,Assam,AS_Charaideo,Charaideo,16,16,0,0,0,0,0,0,0,,
48,AS,Assam,AS_Chirang,Chirang,52,52,0,0,0,0,0,0,0,,
49,AS,Assam,AS_Darrang,Darrang,102,102,0,0,0,0,0,0,0,,
50,AS,Assam,AS_Dhemaji,Dhemaji,94,88,6,0,0,0,0,0,0,,
51,AS,Assam,AS_Dhubri,Dhubri,330,325,5,0,0,0,0,0,0,,
52,AS,Assam,AS_Dibrugarh,Dibrugarh,72,67,5,0,0,0,0,0,0,,
53,AS,Assam,AS_Dima Hasao,Dima Hasao,89,80,9,0,0,0,0,0,0,,
54,AS,Assam,AS_Goalpara,Goalpara,57,38,4,0,0,0,0,0,0,,
55,AS,Assam,AS_Golaghat,Golaghat,272,184,88,0,0,0,0,0,0,,
56,AS,Assam,AS_Hailakandi,Hailakandi,78,72,5,1,0,0,0,0,0,,
57,AS,Assam,AS_Hojai,Hojai,267,267,0,0,0,0,0,0,0,,
58,AS,Assam,AS_Jorhat,Jorhat,139,85,54,0,0,0,0,0,0,,
59,AS,Assam,AS_Kamrup,Kamrup,212,191,21,0,0,0,0,0,0,,
60,AS,Assam,AS_Kamrup Metropolitan,Kamrup Metropolitan,690,303,383,4,0,0,0,0,0,,
61,AS,Assam,AS_Karbi Anglong,Karbi Anglong,39,32,7,0,0,0,0,0,0,,
62,AS,Assam,AS_Karimganj,Karimganj,99,79,20,0,0,0,0,0,0,,
63,AS,Assam,AS_Kokrajhar,Kokrajhar,83,73,10,0,0,0,0,0,0,,
64,AS,Assam,AS_Lakhimpur,Lakhimpur,82,76,6,0,0,0,0,0,0,,
65,AS,Assam,AS_Majuli,Majuli,21,21,0,0,0,0,0,0,0,,
66,AS,Assam,AS_Morigaon,Morigaon,49,21,28,0,0,0,0,0,0,,
67,AS,Assam,AS_Nagaon,Nagaon,327,302,25,0,0,0,0,0,0,,
68,AS,Assam,AS_Nalbari,Nalbari,26,17,9,0,0,0,0,0,0,,
0,AS,Assam,AS_Other State,Other State,1,0,1,0,0,0,0,0,0,,
69,AS,Assam,AS_Sivasagar,Sivasagar,29,3,26,0,0,0,0,0,0,,
70,AS,Assam,AS_Sonitpur,Sonitpur,84,49,35,0,0,0,0,0,0,,
71,AS,Assam,AS_South Salmara Mankachar,South Salmara Mankachar,7,6,1,0,0,0,0,0,0,,
72,AS,Assam,AS_Tinsukia,Tinsukia,104,98,6,0,0,0,0,0,0,,
73,AS,Assam,AS_Udalguri,Udalguri,105,103,2,0,0,0,0,0,0,,
74,AS,Assam,AS_West Karbi Anglong,West Karbi Anglong,28,28,0,0,0,0,0,0,0,,
75,BR,Bihar,BR_Araria,Araria,103,20,82,1,0,0,0,0,0,,
76,BR,Bihar,BR_Arwal,Arwal,91,25,66,0,0,0,0,0,0,,
77,BR,Bihar,BR_Aurangabad,Aurangabad,169,45,123,1,0,0,0,0,0,,
78,BR,Bihar,BR_Banka,Banka,212,44,168,0,0,0,0,0,0,,
79,BR,Bihar,BR_Begusarai,Begusarai,348,62,282,4,0,0,0,0,0,,
80,BR,Bihar,BR_Bhagalpur,Bhagalpur,368,73,294,1,0,0,0,0,0,,
81,BR,Bihar,BR_Bhojpur,Bhojpur,159,30,127,2,0,0,0,0,0,,
82,BR,Bihar,BR_Buxar,Buxar,205,61,144,0,0,0,0,0,0,,
83,BR,Bihar,BR_Darbhanga,Darbhanga,266,112,149,5,0,0,0,0,0,,
101,BR,Bihar,BR_East Champaran,East Champaran,167,19,147,1,0,0,0,0,0,,
84,BR,Bihar,BR_Gaya,Gaya,172,44,126,2,0,0,0,0,0,,
85,BR,Bihar,BR_Gopalganj,Gopalganj,217,64,153,0,0,0,0,0,0,,
86,BR,Bihar,BR_Jamui,Jamui,58,10,47,1,0,0,0,0,0,,
87,BR,Bihar,BR_Jehanabad,Jehanabad,221,34,185,2,0,0,0,0,0,,
88,BR,Bihar,BR_Kaimur,Kaimur,149,63,86,0,0,0,0,0,0,,
89,BR,Bihar,BR_Katihar,Katihar,267,46,220,1,0,0,0,0,0,,
90,BR,Bihar,BR_Khagaria,Khagaria,296,21,272,3,0,0,0,0,0,,
91,BR,Bihar,BR_Kishanganj,Kishanganj,146,31,115,0,0,0,0,0,0,,
92,BR,Bihar,BR_Lakhisarai,Lakhisarai,87,20,67,0,0,0,0,0,0,,
93,BR,Bihar,BR_Madhepura,Madhepura,160,29,130,1,0,0,0,0,0,,
94,BR,Bihar,BR_Madhubani,Madhubani,379,203,175,1,0,0,0,0,0,,
95,BR,Bihar,BR_Munger,Munger,306,83,222,1,0,0,0,0,0,,
96,BR,Bihar,BR_Muzaffarpur,Muzaffarpur,206,35,169,2,0,0,0,0,0,,
97,BR,Bihar,BR_Nalanda,Nalanda,177,35,139,3,0,0,0,0,0,,
98,BR,Bihar,BR_Nawada,Nawada,203,19,182,2,0,0,0,0,0,,
100,BR,Bihar,BR_Patna,Patna,446,171,272,3,0,0,0,0,0,,
102,BR,Bihar,BR_Purnia,Purnia,266,57,209,0,0,0,0,0,0,,
103,BR,Bihar,BR_Rohtas,Rohtas,316,45,270,1,0,0,0,0,0,,
104,BR,Bihar,BR_Saharsa,Saharsa,152,63,89,0,0,0,0,0,0,,
105,BR,Bihar,BR_Samastipur,Samastipur,247,146,100,1,0,0,0,0,0,,
106,BR,Bihar,BR_Saran,Saran,185,46,135,4,0,0,0,0,0,,
107,BR,Bihar,BR_Sheikhpura,Sheikhpura,132,40,92,0,0,0,0,0,0,,
108,BR,Bihar,BR_Sheohar,Sheohar,74,7,66,1,0,0,0,0,0,,
109,BR,Bihar,BR_Sitamarhi,Sitamarhi,129,19,108,2,0,0,0,0,0,,
110,BR,Bihar,BR_Siwan,Siwan,346,159,185,2,0,0,0,0,0,,
111,BR,Bihar,BR_Supaul,Supaul,202,35,167,0,0,0,0,0,0,,
112,BR,Bihar,BR_Vaishali,Vaishali,134,31,100,3,0,0,0,0,0,,
99,BR,Bihar,BR_West Champaran,West Champaran,132,27,104,1,0,0,0,0,0,,
113,CH,Chandigarh,CH_Chandigarh,Chandigarh,411,83,322,6,0,0,0,0,0,,
0,CT,Chhattisgarh,CT_Other State,Other State,1,0,1,0,0,0,0,0,0,,
114,CT,Chhattisgarh,CT_Balod,Balod,44,3,41,0,0,0,0,0,0,,
115,CT,Chhattisgarh,CT_Baloda Bazar,Baloda Bazar,219,90,129,0,0,0,0,0,0,,
116,CT,Chhattisgarh,CT_Balrampur,Balrampur,102,30,72,0,0,0,0,0,0,,
117,CT,Chhattisgarh,CT_Bametara,Bametara,45,7,38,0,0,0,0,0,0,,
118,CT,Chhattisgarh,CT_Bastar,Bastar,5,1,3,1,0,0,0,0,0,,
119,CT,Chhattisgarh,CT_Bijapur,Bijapur,0,0,0,0,0,0,0,0,0,,
120,CT,Chhattisgarh,CT_Bilaspur,Bilaspur,172,5,165,2,0,0,0,0,0,,
121,CT,Chhattisgarh,CT_Dakshin Bastar Dantewada,Dakshin Bastar Dantewada,2,2,0,0,0,0,0,0,0,,
122,CT,Chhattisgarh,CT_Dhamtari,Dhamtari,8,1,6,1,0,0,0,0,0,,
123,CT,Chhattisgarh,CT_Durg,Durg,97,44,50,3,0,0,0,0,0,,
124,CT,Chhattisgarh,CT_Gariaband,Gariaband,26,16,10,0,0,0,0,0,0,,
125,CT,Chhattisgarh,CT_Janjgir Champa,Janjgir Champa,209,122,87,0,0,0,0,0,0,,
126,CT,Chhattisgarh,CT_Jashpur,Jashpur,122,42,80,0,0,0,0,0,0,,
127,CT,Chhattisgarh,CT_Kabeerdham,Kabeerdham,92,12,80,0,0,0,0,0,0,,
128,CT,Chhattisgarh,CT_Kondagaon,Kondagaon,3,2,1,0,0,0,0,0,0,,
129,CT,Chhattisgarh,CT_Korba,Korba,304,131,173,0,0,0,0,0,0,,
130,CT,Chhattisgarh,CT_Koriya,Koriya,54,12,42,0,0,0,0,0,0,,
131,CT,Chhattisgarh,CT_Mahasamund,Mahasamund,77,9,67,1,0,0,0,0,0,,
132,CT,Chhattisgarh,CT_Mungeli,Mungeli,121,18,103,0,0,0,0,0,0,,
133,CT,Chhattisgarh,CT_Narayanpur,Narayanpur,6,6,0,0,0,0,0,0,0,,
134,CT,Chhattisgarh,CT_Raigarh,Raigarh,85,13,71,1,0,0,0,0,0,,
135,CT,Chhattisgarh,CT_Raipur,Raipur,224,108,115,1,0,0,0,0,0,,
136,CT,Chhattisgarh,CT_Rajnandgaon,Rajnandgaon,186,100,84,2,0,0,0,0,0,,
137,CT,Chhattisgarh,CT_Sukma,Sukma,3,3,0,0,0,0,0,0,0,,
138,CT,Chhattisgarh,CT_Surajpur,Surajpur,21,4,17,0,0,0,0,0,0,,
139,CT,Chhattisgarh,CT_Surguja,Surguja,43,18,25,0,0,0,0,0,0,,
140,CT,Chhattisgarh,CT_Uttar Bastar Kanker,Uttar Bastar Kanker,28,4,24,0,0,0,0,0,0,,
766,CT,Chhattisgarh,CT_Gaurela Pendra Marwahi,Gaurela Pendra Marwahi,3,0,3,0,0,0,0,0,0,,
144,DL,Delhi,DL_Central Delhi,Central Delhi,184,184,0,0,0,0,0,0,0,,
145,DL,Delhi,DL_East Delhi,East Delhi,38,38,0,0,0,0,0,0,0,,
146,DL,Delhi,DL_New Delhi,New Delhi,37,37,0,0,0,0,0,0,0,,
147,DL,Delhi,DL_North Delhi,North Delhi,60,60,0,0,0,0,0,0,0,,
148,DL,Delhi,DL_North East Delhi,North East Delhi,25,25,0,0,0,0,0,0,0,,
149,DL,Delhi,DL_North West Delhi,North West Delhi,32,31,0,1,0,0,0,0,0,,
150,DL,Delhi,DL_Shahdara,Shahdara,48,48,0,0,0,0,0,0,0,,
151,DL,Delhi,DL_South Delhi,South Delhi,70,70,0,0,0,0,0,0,0,,
152,DL,Delhi,DL_South East Delhi,South East Delhi,130,130,0,0,0,0,0,0,0,,
153,DL,Delhi,DL_South West Delhi,South West Delhi,42,42,0,0,0,0,0,0,0,,
154,DL,Delhi,DL_West Delhi,West Delhi,122,122,0,0,0,0,0,0,0,,
0,DN,Dadra and Nagar Haveli and Daman and Diu,DN_Other State,Other State,2,2,0,0,0,0,0,0,0,,
141,DN,Dadra and Nagar Haveli and Daman and Diu,DN_Dadra and Nagar Haveli,Dadra and Nagar Haveli,62,36,26,0,0,0,0,0,0,,
142,DN,Dadra and Nagar Haveli and Daman and Diu,DN_Daman,Daman,27,26,1,0,0,0,0,0,0,,
143,DN,Dadra and Nagar Haveli and Daman and Diu,DN_Diu,Diu,11,11,0,0,0,0,0,0,0,,
0,GA,Goa,GA_Other State,Other State,4,4,0,0,0,0,0,0,0,,
155,GA,Goa,GA_North Goa,North Goa,6,-1,6,1,0,0,0,0,0,,
156,GA,Goa,GA_South Goa,South Goa,377,316,61,0,0,0,0,0,0,,
0,GJ,Gujarat,GJ_Other State,Other State,57,48,8,1,0,0,0,0,0,,
157,GJ,Gujarat,GJ_Ahmedabad,Ahmedabad,19151,3790,14013,1348,0,0,0,0,0,,
158,GJ,Gujarat,GJ_Amreli,Amreli,46,28,14,4,0,0,0,0,0,,
159,GJ,Gujarat,GJ_Anand,Anand,156,11,132,13,0,0,0,0,0,,
160,GJ,Gujarat,GJ_Aravalli,Aravalli,176,25,136,15,0,0,0,0,0,,
161,GJ,Gujarat,GJ_Banaskantha,Banaskantha,167,20,139,8,0,0,0,0,0,,
162,GJ,Gujarat,GJ_Bharuch,Bharuch,151,85,60,6,0,0,0,0,0,,
163,GJ,Gujarat,GJ_Bhavnagar,Bhavnagar,200,51,136,13,0,0,0,0,0,,
164,GJ,Gujarat,GJ_Botad,Botad,74,16,56,2,0,0,0,0,0,,
165,GJ,Gujarat,GJ_Chhota Udaipur,Chhota Udaipur,41,3,36,2,0,0,0,0,0,,
167,GJ,Gujarat,GJ_Dahod,Dahod,52,9,43,0,0,0,0,0,0,,
187,GJ,Gujarat,GJ_Dang,Dang,4,0,4,0,0,0,0,0,0,,
166,GJ,Gujarat,GJ_Devbhumi Dwarka,Devbhumi Dwarka,20,6,14,0,0,0,0,0,0,,
168,GJ,Gujarat,GJ_Gandhinagar,Gandhinagar,570,197,350,23,0,0,0,0,0,,
169,GJ,Gujarat,GJ_Gir Somnath,Gir Somnath,55,8,47,0,0,0,0,0,0,,
170,GJ,Gujarat,GJ_Jamnagar,Jamnagar,135,65,67,3,0,0,0,0,0,,
171,GJ,Gujarat,GJ_Junagadh,Junagadh,66,31,34,1,0,0,0,0,0,,
173,GJ,Gujarat,GJ_Kheda,Kheda,132,37,90,5,0,0,0,0,0,,
172,GJ,Gujarat,GJ_Kutch,Kutch,102,15,82,5,0,0,0,0,0,,
175,GJ,Gujarat,GJ_Mahisagar,Mahisagar,126,16,108,2,0,0,0,0,0,,
174,GJ,Gujarat,GJ_Mehsana,Mehsana,215,68,136,11,0,0,0,0,0,,
176,GJ,Gujarat,GJ_Morbi,Morbi,10,4,5,1,0,0,0,0,0,,
177,GJ,Gujarat,GJ_Narmada,Narmada,53,28,25,0,0,0,0,0,0,,
178,GJ,Gujarat,GJ_Navsari,Navsari,49,10,38,1,0,0,0,0,0,,
179,GJ,Gujarat,GJ_Panchmahal,Panchmahal,140,15,110,15,0,0,0,0,0,,
180,GJ,Gujarat,GJ_Patan,Patan,147,40,97,10,0,0,0,0,0,,
181,GJ,Gujarat,GJ_Porbandar,Porbandar,14,2,10,2,0,0,0,0,0,,
182,GJ,Gujarat,GJ_Rajkot,Rajkot,186,85,96,5,0,0,0,0,0,,
183,GJ,Gujarat,GJ_Sabarkantha,Sabarkantha,153,46,100,7,0,0,0,0,0,,
184,GJ,Gujarat,GJ_Surat,Surat,3365,853,2384,128,0,0,0,0,0,,
185,GJ,Gujarat,GJ_Surendranagar,Surendranagar,88,35,49,4,0,0,0,0,0,,
186,GJ,Gujarat,GJ_Tapi,Tapi,10,5,5,0,0,0,0,0,0,,
188,GJ,Gujarat,GJ_Vadodara,Vadodara,1898,605,1246,47,0,0,0,0,0,,
189,GJ,Gujarat,GJ_Valsad,Valsad,71,21,47,3,0,0,0,0,0,,
212,HP,Himachal Pradesh,HP_Bilaspur,Bilaspur,37,14,23,0,0,0,0,0,0,,
213,HP,Himachal Pradesh,HP_Chamba,Chamba,44,8,35,0,1,0,0,0,0,,
214,HP,Himachal Pradesh,HP_Hamirpur,Hamirpur,182,70,111,1,0,0,0,0,0,,
215,HP,Himachal Pradesh,HP_Kangra,Kangra,191,69,120,2,0,0,0,0,0,Death of Tibetan refugee on March 22 included in Kangra district's tally,
216,HP,Himachal Pradesh,HP_Kinnaur,Kinnaur,3,2,1,0,0,0,0,0,0,,
217,HP,Himachal Pradesh,HP_Kullu,Kullu,5,2,3,0,0,0,0,0,0,,
218,HP,Himachal Pradesh,HP_Lahaul and Spiti,Lahaul and Spiti,0,0,0,0,0,0,0,0,0,,
219,HP,Himachal Pradesh,HP_Mandi,Mandi,24,2,20,2,0,0,0,0,0,,
220,HP,Himachal Pradesh,HP_Shimla,Shimla,33,17,13,2,1,0,0,0,0,,
221,HP,Himachal Pradesh,HP_Sirmaur,Sirmaur,34,10,17,0,7,0,0,0,0,,
222,HP,Himachal Pradesh,HP_Solan,Solan,81,47,30,0,4,0,0,0,0,,
223,HP,Himachal Pradesh,HP_Una,Una,93,37,56,0,0,0,0,0,0,,
0,HR,Haryana,HR_Foreign Evacuees,Foreign Evacuees,21,16,5,0,0,0,0,0,0,,
190,HR,Haryana,HR_Ambala,Ambala,283,119,161,3,0,0,0,0,0,,
191,HR,Haryana,HR_Bhiwani,Bhiwani,244,156,85,3,0,0,0,0,0,,
192,HR,Haryana,HR_Charkhi Dadri,Charkhi Dadri,60,16,43,1,0,0,0,0,0,,
193,HR,Haryana,HR_Faridabad,Faridabad,2413,1300,1052,61,0,0,0,0,0,,
194,HR,Haryana,HR_Fatehabad,Fatehabad,93,36,57,0,0,0,0,0,0,,
195,HR,Haryana,HR_Gurugram,Gurugram,4512,1819,2627,66,0,0,0,0,0,,
196,HR,Haryana,HR_Hisar,Hisar,203,106,96,1,0,0,0,0,0,,
0,HR,Haryana,HR_Italians,Italians,14,0,14,0,0,0,0,0,0,,
197,HR,Haryana,HR_Jhajjar,Jhajjar,192,60,129,3,0,0,0,0,0,,
198,HR,Haryana,HR_Jind,Jind,91,52,36,3,0,0,0,0,0,,
199,HR,Haryana,HR_Kaithal,Kaithal,70,18,52,0,0,0,0,0,0,,
200,HR,Haryana,HR_Karnal,Karnal,228,104,121,3,0,0,0,0,0,,
201,HR,Haryana,HR_Kurukshetra,Kurukshetra,107,42,65,0,0,0,0,0,0,,
202,HR,Haryana,HR_Mahendragarh,Mahendragarh,200,75,125,0,0,0,0,0,0,,
203,HR,Haryana,HR_Nuh,Nuh,139,23,116,0,0,0,0,0,0,,
204,HR,Haryana,HR_Palwal,Palwal,263,106,155,2,0,0,0,0,0,,
205,HR,Haryana,HR_Panchkula,Panchkula,96,55,41,0,0,0,0,0,0,,
206,HR,Haryana,HR_Panipat,Panipat,134,39,89,6,0,0,0,0,0,,
207,HR,Haryana,HR_Rewari,Rewari,170,123,46,1,0,0,0,0,0,,
208,HR,Haryana,HR_Rohtak,Rohtak,458,236,216,6,0,0,0,0,0,,
209,HR,Haryana,HR_Sirsa,Sirsa,86,21,65,0,0,0,0,0,0,,
210,HR,Haryana,HR_Sonipat,Sonipat,866,370,486,10,0,0,0,0,0,,
211,HR,Haryana,HR_Yamunanagar,Yamunanagar,82,48,34,0,0,0,0,0,0,,
246,JH,Jharkhand,JH_Bokaro,Bokaro,36,7,27,2,0,0,0,0,0,,
247,JH,Jharkhand,JH_Chatra,Chatra,43,13,30,0,0,0,0,0,0,,
248,JH,Jharkhand,JH_Deoghar,Deoghar,32,22,10,0,0,0,0,0,0,,
249,JH,Jharkhand,JH_Dhanbad,Dhanbad,120,11,109,0,0,0,0,0,0,,
250,JH,Jharkhand,JH_Dumka,Dumka,10,6,4,0,0,0,0,0,0,,
264,JH,Jharkhand,JH_East Singhbhum,East Singhbhum,325,165,160,0,0,0,0,0,0,,
251,JH,Jharkhand,JH_Garhwa,Garhwa,97,11,86,0,0,0,0,0,0,,
252,JH,Jharkhand,JH_Giridih,Giridih,70,19,50,1,0,0,0,0,0,,
253,JH,Jharkhand,JH_Godda,Godda,8,7,1,0,0,0,0,0,0,,
254,JH,Jharkhand,JH_Gumla,Gumla,101,33,67,1,0,0,0,0,0,,
255,JH,Jharkhand,JH_Hazaribagh,Hazaribagh,170,47,122,1,0,0,0,0,0,,
256,JH,Jharkhand,JH_Jamtara,Jamtara,28,8,20,0,0,0,0,0,0,,
257,JH,Jharkhand,JH_Khunti,Khunti,23,0,23,0,0,0,0,0,0,,
258,JH,Jharkhand,JH_Koderma,Koderma,159,49,109,1,0,0,0,0,0,,
259,JH,Jharkhand,JH_Latehar,Latehar,54,8,46,0,0,0,0,0,0,,
260,JH,Jharkhand,JH_Lohardaga,Lohardaga,50,13,37,0,0,0,0,0,0,,
261,JH,Jharkhand,JH_Pakur,Pakur,30,0,30,0,0,0,0,0,0,,
262,JH,Jharkhand,JH_Palamu,Palamu,46,1,45,0,0,0,0,0,0,,
265,JH,Jharkhand,JH_Ramgarh,Ramgarh,117,29,88,0,0,0,0,0,0,,
266,JH,Jharkhand,JH_Ranchi,Ranchi,201,55,141,5,0,0,0,0,0,,
267,JH,Jharkhand,JH_Sahibganj,Sahibganj,3,0,3,0,0,0,0,0,0,,
268,JH,Jharkhand,JH_Saraikela-Kharsawan,Saraikela-Kharsawan,36,8,28,0,0,0,0,0,0,,
269,JH,Jharkhand,JH_Simdega,Simdega,324,117,207,0,0,0,0,0,0,,
263,JH,Jharkhand,JH_West Singhbhum,West Singhbhum,57,31,26,0,0,0,0,0,0,,
224,JK,Jammu and Kashmir,JK_Anantnag,Anantnag,608,174,428,6,0,0,0,0,0,,
226,JK,Jammu and Kashmir,JK_Bandipora,Bandipora,273,49,223,1,0,0,0,0,0,,
227,JK,Jammu and Kashmir,JK_Baramulla,Baramulla,617,336,267,14,0,0,0,0,0,,
225,JK,Jammu and Kashmir,JK_Budgam,Budgam,346,207,133,6,0,0,0,0,0,,
228,JK,Jammu and Kashmir,JK_Doda,Doda,68,18,49,1,0,0,0,0,0,,
229,JK,Jammu and Kashmir,JK_Ganderbal,Ganderbal,68,9,59,0,0,0,0,0,0,,
230,JK,Jammu and Kashmir,JK_Jammu,Jammu,310,99,204,7,0,0,0,0,0,,
231,JK,Jammu and Kashmir,JK_Kathua,Kathua,196,84,112,0,0,0,0,0,0,,
232,JK,Jammu and Kashmir,JK_Kishtwar,Kishtwar,25,10,15,0,0,0,0,0,0,,
233,JK,Jammu and Kashmir,JK_Kulgam,Kulgam,693,207,476,10,0,0,0,0,0,,
234,JK,Jammu and Kashmir,JK_Kupwara,Kupwara,453,121,327,5,0,0,0,0,0,,
235,JK,Jammu and Kashmir,JK_Mirpur,Mirpur,0,0,0,0,0,0,0,0,0,,
236,JK,Jammu and Kashmir,JK_Muzaffarabad,Muzaffarabad,0,0,0,0,0,0,0,0,0,,
237,JK,Jammu and Kashmir,JK_Pulwama,Pulwama,323,169,150,4,0,0,0,0,0,,
238,JK,Jammu and Kashmir,JK_Punch,Punch,115,36,79,0,0,0,0,0,0,,
239,JK,Jammu and Kashmir,JK_Rajouri,Rajouri,83,47,35,1,0,0,0,0,0,,
240,JK,Jammu and Kashmir,JK_Ramban,Ramban,208,74,134,0,0,0,0,0,0,,
241,JK,Jammu and Kashmir,JK_Reasi,Reasi,32,9,23,0,0,0,0,0,0,,
242,JK,Jammu and Kashmir,JK_Samba,Samba,127,77,50,0,0,0,0,0,0,,
243,JK,Jammu and Kashmir,JK_Shopiyan,Shopiyan,636,206,420,10,0,0,0,0,0,,
244,JK,Jammu and Kashmir,JK_Srinagar,Srinagar,695,450,226,19,0,0,0,0,0,,
245,JK,Jammu and Kashmir,JK_Udhampur,Udhampur,212,90,121,1,0,0,0,0,0,,
270,KA,Karnataka,KA_Bagalkote,Bagalkote,137,36,100,1,0,0,0,0,0,,
271,KA,Karnataka,KA_Ballari,Ballari,442,327,112,3,0,0,0,0,0,,
272,KA,Karnataka,KA_Belagavi,Belagavi,309,26,282,1,0,0,0,0,0,,
274,KA,Karnataka,KA_Bengaluru Rural,Bengaluru Rural,51,39,11,1,0,0,0,0,0,,
273,KA,Karnataka,KA_Bengaluru Urban,Bengaluru Urban,1398,919,411,67,1,0,0,0,0,,
275,KA,Karnataka,KA_Bidar,Bidar,502,163,324,15,0,0,0,0,0,,
276,KA,Karnataka,KA_Chamarajanagara,Chamarajanagara,2,1,1,0,0,0,0,0,0,,
277,KA,Karnataka,KA_Chikkaballapura,Chikkaballapura,167,17,147,2,1,0,0,0,0,,
278,KA,Karnataka,KA_Chikkamagaluru,Chikkamagaluru,42,22,19,1,0,0,0,0,0,,
279,KA,Karnataka,KA_Chitradurga,Chitradurga,45,4,41,0,0,0,0,0,0,,
280,KA,Karnataka,KA_Dakshina Kannada,Dakshina Kannada,437,185,244,6,2,0,0,0,0,,
281,KA,Karnataka,KA_Davanagere,Davanagere,265,38,220,7,0,0,0,0,0,,
282,KA,Karnataka,KA_Dharwad,Dharwad,202,122,77,3,0,0,0,0,0,,
283,KA,Karnataka,KA_Gadag,Gadag,79,35,42,2,0,0,0,0,0,,
284,KA,Karnataka,KA_Hassan,Hassan,291,83,207,1,0,0,0,0,0,,
285,KA,Karnataka,KA_Haveri,Haveri,42,18,24,0,0,0,0,0,0,,
286,KA,Karnataka,KA_Kalaburagi,Kalaburagi,1226,484,731,11,0,0,0,0,0,,
287,KA,Karnataka,KA_Kodagu,Kodagu,5,4,1,0,0,0,0,0,0,,
288,KA,Karnataka,KA_Kolar,Kolar,66,34,32,0,0,0,0,0,0,,
289,KA,Karnataka,KA_Koppal,Koppal,29,12,16,1,0,0,0,0,0,,
290,KA,Karnataka,KA_Mandya,Mandya,369,48,321,0,0,0,0,0,0,,
291,KA,Karnataka,KA_Mysuru,Mysuru,168,58,110,0,0,0,0,0,0,,
0,KA,Karnataka,KA_Other State,Other State,36,1,32,3,0,0,0,0,0,,
292,KA,Karnataka,KA_Raichur,Raichur,431,158,271,2,0,0,0,0,0,,
293,KA,Karnataka,KA_Ramanagara,Ramanagara,92,84,6,2,0,0,0,0,0,,
294,KA,Karnataka,KA_Shivamogga,Shivamogga,111,25,85,1,0,0,0,0,0,,
295,KA,Karnataka,KA_Tumakuru,Tumakuru,52,11,39,2,0,0,0,0,0,,
296,KA,Karnataka,KA_Udupi,Udupi,1077,114,961,2,0,0,0,0,0,,
297,KA,Karnataka,KA_Uttara Kannada,Uttara Kannada,144,38,106,0,0,0,0,0,0,,
298,KA,Karnataka,KA_Vijayapura,Vijayapura,301,74,220,7,0,0,0,0,0,,
299,KA,Karnataka,KA_Yadgir,Yadgir,881,343,537,1,0,0,0,0,0,,
0,KL,Kerala,KL_Other State,Other State,2,2,0,0,0,0,0,0,0,,
300,KL,Kerala,KL_Alappuzha,Alappuzha,190,106,83,1,0,0,0,0,0,,
301,KL,Kerala,KL_Ernakulam,Ernakulam,178,103,73,1,1,0,0,0,0,,
302,KL,Kerala,KL_Idukki,Idukki,86,51,35,0,0,0,0,0,0,,
303,KL,Kerala,KL_Kannur,Kannur,352,95,252,5,0,0,0,0,0,,
304,KL,Kerala,KL_Kasaragod,Kasaragod,411,126,285,0,0,0,0,0,0,,
305,KL,Kerala,KL_Kollam,Kollam,248,165,82,1,0,0,0,0,0,,
306,KL,Kerala,KL_Kottayam,Kottayam,163,91,71,1,0,0,0,0,0,,
307,KL,Kerala,KL_Kozhikode,Kozhikode,211,99,111,1,0,0,0,0,0,,
308,KL,Kerala,KL_Malappuram,Malappuram,358,191,164,3,0,0,0,0,0,,
309,KL,Kerala,KL_Palakkad,Palakkad,381,165,214,1,1,0,0,0,0,,
310,KL,Kerala,KL_Pathanamthitta,Pathanamthitta,197,134,63,0,0,0,0,0,0,,
311,KL,Kerala,KL_Thiruvananthapuram,Thiruvananthapuram,172,56,112,4,0,0,0,0,0,,
312,KL,Kerala,KL_Thrissur,Thrissur,288,125,160,3,0,0,0,0,0,,
313,KL,Kerala,KL_Wayanad,Wayanad,74,31,42,1,0,0,0,0,0,,
314,LA,Ladakh,LA_Kargil,Kargil,625,557,68,0,0,0,0,0,0,,
315,LA,Ladakh,LA_Leh,Leh,222,153,68,1,0,0,0,0,0,,
316,LD,Lakshadweep,LD_Lakshadweep,Lakshadweep,0,0,0,0,0,0,0,0,0,,
369,MH,Maharashtra,MH_Ahmednagar,Ahmednagar,280,54,214,12,0,0,0,0,0,,
370,MH,Maharashtra,MH_Akola,Akola,1248,394,788,65,1,0,0,0,0,,
371,MH,Maharashtra,MH_Amravati,Amravati,457,137,298,22,0,0,0,0,0,,
372,MH,Maharashtra,MH_Aurangabad,Aurangabad,3564,1465,1921,178,0,0,0,0,0,,
374,MH,Maharashtra,MH_Beed,Beed,98,28,67,3,0,0,0,0,0,,
373,MH,Maharashtra,MH_Bhandara,Bhandara,77,28,49,0,0,0,0,0,0,,
375,MH,Maharashtra,MH_Buldhana,Buldhana,170,48,116,6,0,0,0,0,0,,
376,MH,Maharashtra,MH_Chandrapur,Chandrapur,59,15,44,0,0,0,0,0,0,,
377,MH,Maharashtra,MH_Dhule,Dhule,561,175,339,46,1,0,0,0,0,,
378,MH,Maharashtra,MH_Gadchiroli,Gadchiroli,59,12,46,1,0,0,0,0,0,,
379,MH,Maharashtra,MH_Gondia,Gondia,101,29,72,0,0,0,0,0,0,,
380,MH,Maharashtra,MH_Hingoli,Hingoli,254,38,215,1,0,0,0,0,0,,
381,MH,Maharashtra,MH_Jalgaon,Jalgaon,2426,1000,1244,182,0,0,0,0,0,,
382,MH,Maharashtra,MH_Jalna,Jalna,372,111,250,11,0,0,0,0,0,,
383,MH,Maharashtra,MH_Kolhapur,Kolhapur,747,62,677,8,0,0,0,0,0,,
384,MH,Maharashtra,MH_Latur,Latur,226,71,142,13,0,0,0,0,0,,
385,MH,Maharashtra,MH_Mumbai,Mumbai,67586,29720,34121,3737,8,0,0,0,0,,
386,MH,Maharashtra,MH_Mumbai Suburban,Mumbai Suburban,0,0,0,0,0,0,0,0,0,,
387,MH,Maharashtra,MH_Nagpur,Nagpur,1337,482,842,13,0,0,0,0,0,,
388,MH,Maharashtra,MH_Nanded,Nanded,286,100,175,11,0,0,0,0,0,,
389,MH,Maharashtra,MH_Nandurbar,Nandurbar,83,37,41,5,0,0,0,0,0,,
390,MH,Maharashtra,MH_Nashik,Nashik,2871,1185,1526,160,0,0,0,0,0,,
391,MH,Maharashtra,MH_Osmanabad,Osmanabad,179,43,130,6,0,0,0,0,0,,
0,MH,Maharashtra,MH_Other State,Other State,116,96,0,20,0,0,0,0,0,,
392,MH,Maharashtra,MH_Palghar,Palghar,3621,2374,1154,93,0,0,0,0,0,,
393,MH,Maharashtra,MH_Parbhani,Parbhani,85,7,74,4,0,0,0,0,0,,
394,MH,Maharashtra,MH_Pune,Pune,16474,7071,8791,612,0,0,0,0,0,,
395,MH,Maharashtra,MH_Raigad,Raigad,2632,883,1654,93,2,0,0,0,0,,
396,MH,Maharashtra,MH_Ratnagiri,Ratnagiri,501,139,345,17,0,0,0,0,0,,
397,MH,Maharashtra,MH_Sangli,Sangli,297,122,168,7,0,0,0,0,0,,
398,MH,Maharashtra,MH_Satara,Satara,861,204,618,38,1,0,0,0,0,,
399,MH,Maharashtra,MH_Sindhudurg,Sindhudurg,164,20,140,4,0,0,0,0,0,,
400,MH,Maharashtra,MH_Solapur,Solapur,2291,985,1134,172,0,0,0,0,0,,
401,MH,Maharashtra,MH_Thane,Thane,25390,14555,10102,732,1,0,0,0,0,,
402,MH,Maharashtra,MH_Wardha,Wardha,14,2,11,1,0,0,0,0,0,,
403,MH,Maharashtra,MH_Washim,Washim,71,31,37,3,0,0,0,0,0,,
404,MH,Maharashtra,MH_Yavatmal,Yavatmal,238,70,161,7,0,0,0,0,0,,
421,ML,Meghalaya,ML_East Garo Hills,East Garo Hills,0,0,0,0,0,0,0,0,0,,
422,ML,Meghalaya,ML_East Jaintia Hills,East Jaintia Hills,0,0,0,0,0,0,0,0,0,,
423,ML,Meghalaya,ML_East Khasi Hills,East Khasi Hills,25,7,17,1,0,0,0,0,0,,
424,ML,Meghalaya,ML_North Garo Hills,North Garo Hills,1,0,1,0,0,0,0,0,0,,
425,ML,Meghalaya,ML_Ribhoi,Ribhoi,0,0,0,0,0,0,0,0,0,,
426,ML,Meghalaya,ML_South Garo Hills,South Garo Hills,0,0,0,0,0,0,0,0,0,,
427,ML,Meghalaya,ML_South West Garo Hills,South West Garo Hills,7,3,4,0,0,0,0,0,0,,
428,ML,Meghalaya,ML_South West Khasi Hills,South West Khasi Hills,0,0,0,0,0,0,0,0,0,,
429,ML,Meghalaya,ML_West Garo Hills,West Garo Hills,5,1,4,0,0,0,0,0,0,,
430,ML,Meghalaya,ML_West Jaintia Hills,West Jaintia Hills,5,4,1,0,0,0,0,0,0,,
431,ML,Meghalaya,ML_West Khasi Hills,West Khasi Hills,1,1,0,0,0,0,0,0,0,,
405,MN,Manipur,MN_Bishnupur,Bishnupur,77,68,9,0,0,0,0,0,0,,
406,MN,Manipur,MN_Chandel,Chandel,36,32,4,0,0,0,0,0,0,,
407,MN,Manipur,MN_Churachandpur,Churachandpur,102,58,44,0,0,0,0,0,0,,
408,MN,Manipur,MN_Imphal East,Imphal East,33,17,16,0,0,0,0,0,0,,
409,MN,Manipur,MN_Imphal West,Imphal West,65,31,34,0,0,0,0,0,0,,
410,MN,Manipur,MN_Jiribam,Jiribam,2,0,2,0,0,0,0,0,0,,
411,MN,Manipur,MN_Kakching,Kakching,63,46,17,0,0,0,0,0,0,,
412,MN,Manipur,MN_Kamjong,Kamjong,50,35,15,0,0,0,0,0,0,,
413,MN,Manipur,MN_Kangpokpi,Kangpokpi,97,79,18,0,0,0,0,0,0,,
414,MN,Manipur,MN_Noney,Noney,22,10,12,0,0,0,0,0,0,,
415,MN,Manipur,MN_Pherzawl,Pherzawl,32,29,3,0,0,0,0,0,0,,
416,MN,Manipur,MN_Senapati,Senapati,72,63,9,0,0,0,0,0,0,,
417,MN,Manipur,MN_Tamenglong,Tamenglong,105,87,18,0,0,0,0,0,0,,
418,MN,Manipur,MN_Tengnoupal,Tengnoupal,14,1,13,0,0,0,0,0,0,,
419,MN,Manipur,MN_Thoubal,Thoubal,40,18,22,0,0,0,0,0,0,,
420,MN,Manipur,MN_Ukhrul,Ukhrul,88,74,14,0,0,0,0,0,0,,
317,MP,Madhya Pradesh,MP_Agar Malwa,Agar Malwa,16,2,13,1,0,0,0,0,0,,
318,MP,Madhya Pradesh,MP_Alirajpur,Alirajpur,3,0,3,0,0,0,0,0,0,,
319,MP,Madhya Pradesh,MP_Anuppur,Anuppur,29,4,25,0,0,0,0,0,0,,
320,MP,Madhya Pradesh,MP_Ashoknagar,Ashoknagar,43,2,40,1,0,0,0,0,0,,
321,MP,Madhya Pradesh,MP_Balaghat,Balaghat,18,6,12,0,0,0,0,0,0,,
322,MP,Madhya Pradesh,MP_Barwani,Barwani,80,11,66,3,0,0,0,0,0,,
323,MP,Madhya Pradesh,MP_Betul,Betul,46,9,37,0,0,0,0,0,0,,
324,MP,Madhya Pradesh,MP_Bhind,Bhind,150,39,111,0,0,0,0,0,0,,
325,MP,Madhya Pradesh,MP_Bhopal,Bhopal,2527,653,1789,85,0,0,0,0,0,,
326,MP,Madhya Pradesh,MP_Burhanpur,Burhanpur,390,5,362,23,0,0,0,0,0,,
327,MP,Madhya Pradesh,MP_Chhatarpur,Chhatarpur,53,11,42,0,0,0,0,0,0,,
328,MP,Madhya Pradesh,MP_Chhindwara,Chhindwara,32,9,21,2,0,0,0,0,0,,
329,MP,Madhya Pradesh,MP_Damoh,Damoh,30,3,27,0,0,0,0,0,0,,
330,MP,Madhya Pradesh,MP_Datia,Datia,21,1,19,1,0,0,0,0,0,,
331,MP,Madhya Pradesh,MP_Dewas,Dewas,205,57,138,10,0,0,0,0,0,,
332,MP,Madhya Pradesh,MP_Dhar,Dhar,146,11,130,5,0,0,0,0,0,,
333,MP,Madhya Pradesh,MP_Dindori,Dindori,30,1,29,0,0,0,0,0,0,,
335,MP,Madhya Pradesh,MP_Guna,Guna,12,3,8,1,0,0,0,0,0,,
336,MP,Madhya Pradesh,MP_Gwalior,Gwalior,292,43,247,2,0,0,0,0,0,,
337,MP,Madhya Pradesh,MP_Harda,Harda,25,15,9,1,0,0,0,0,0,,
338,MP,Madhya Pradesh,MP_Hoshangabad,Hoshangabad,41,4,34,3,0,0,0,0,0,,
339,MP,Madhya Pradesh,MP_Indore,Indore,4373,937,3235,201,0,0,0,0,0,,
340,MP,Madhya Pradesh,MP_Jabalpur,Jabalpur,360,65,281,14,0,0,0,0,0,,
341,MP,Madhya Pradesh,MP_Jhabua,Jhabua,15,1,13,1,0,0,0,0,0,,
342,MP,Madhya Pradesh,MP_Katni,Katni,15,10,3,2,0,0,0,0,0,,
334,MP,Madhya Pradesh,MP_Khandwa,Khandwa,287,8,262,17,0,0,0,0,0,,
368,MP,Madhya Pradesh,MP_Khargone,Khargone,263,46,203,14,0,0,0,0,0,,
343,MP,Madhya Pradesh,MP_Mandla,Mandla,6,1,4,1,0,0,0,0,0,,
344,MP,Madhya Pradesh,MP_Mandsaur,Mandsaur,101,6,86,9,0,0,0,0,0,,
345,MP,Madhya Pradesh,MP_Morena,Morena,172,31,140,1,0,0,0,0,0,,
346,MP,Madhya Pradesh,MP_Narsinghpur,Narsinghpur,27,10,17,0,0,0,0,0,0,,
347,MP,Madhya Pradesh,MP_Neemuch,Neemuch,427,34,386,7,0,0,0,0,0,,
348,MP,Madhya Pradesh,MP_Niwari,Niwari,8,8,0,0,0,0,0,0,0,,
0,MP,Madhya Pradesh,MP_Other Region,Other Region,0,0,0,0,0,0,0,0,0,,
349,MP,Madhya Pradesh,MP_Panna,Panna,26,5,21,0,0,0,0,0,0,,
350,MP,Madhya Pradesh,MP_Raisen,Raisen,98,15,78,5,0,0,0,0,0,,
351,MP,Madhya Pradesh,MP_Rajgarh,Rajgarh,80,43,32,5,0,0,0,0,0,,
352,MP,Madhya Pradesh,MP_Ratlam,Ratlam,137,22,109,6,0,0,0,0,0,,
353,MP,Madhya Pradesh,MP_Rewa,Rewa,43,4,38,1,0,0,0,0,0,,
354,MP,Madhya Pradesh,MP_Sagar,Sagar,292,58,216,18,0,0,0,0,0,,
355,MP,Madhya Pradesh,MP_Satna,Satna,24,2,20,2,0,0,0,0,0,,
356,MP,Madhya Pradesh,MP_Sehore,Sehore,12,1,9,2,0,0,0,0,0,,
357,MP,Madhya Pradesh,MP_Seoni,Seoni,11,9,2,0,0,0,0,0,0,,
358,MP,Madhya Pradesh,MP_Shahdol,Shahdol,16,3,13,0,0,0,0,0,0,,
359,MP,Madhya Pradesh,MP_Shajapur,Shajapur,49,9,37,3,0,0,0,0,0,,
360,MP,Madhya Pradesh,MP_Sheopur,Sheopur,64,10,52,2,0,0,0,0,0,,
361,MP,Madhya Pradesh,MP_Shivpuri,Shivpuri,24,4,20,0,0,0,0,0,0,,
362,MP,Madhya Pradesh,MP_Sidhi,Sidhi,19,1,17,1,0,0,0,0,0,,
363,MP,Madhya Pradesh,MP_Singrauli,Singrauli,15,3,12,0,0,0,0,0,0,,
364,MP,Madhya Pradesh,MP_Tikamgarh,Tikamgarh,29,14,14,1,0,0,0,0,0,,
365,MP,Madhya Pradesh,MP_Ujjain,Ujjain,844,88,687,69,0,0,0,0,0,,
366,MP,Madhya Pradesh,MP_Umaria,Umaria,10,0,9,1,0,0,0,0,0,,
367,MP,Madhya Pradesh,MP_Vidisha,Vidisha,42,5,37,0,0,0,0,0,0,,
432,MZ,Mizoram,MZ_Aizawl,Aizawl,33,28,5,0,0,0,0,0,0,,
433,MZ,Mizoram,MZ_Champhai,Champhai,8,8,0,0,0,0,0,0,0,,
729,MZ,Mizoram,MZ_Hnahthial,Hnahthial,0,0,0,0,0,0,0,0,0,,
730,MZ,Mizoram,MZ_Khawzawl,Khawzawl,3,3,0,0,0,0,0,0,0,,
434,MZ,Mizoram,MZ_Kolasib,Kolasib,11,5,6,0,0,0,0,0,0,,
435,MZ,Mizoram,MZ_Lawngtlai,Lawngtlai,8,8,0,0,0,0,0,0,0,,
436,MZ,Mizoram,MZ_Lunglei,Lunglei,46,46,0,0,0,0,0,0,0,,
437,MZ,Mizoram,MZ_Mamit,Mamit,18,17,1,0,0,0,0,0,0,,
438,MZ,Mizoram,MZ_Saiha,Saiha,9,9,0,0,0,0,0,0,0,,
728,MZ,Mizoram,MZ_Saitual,Saitual,3,3,0,0,0,0,0,0,0,,
439,MZ,Mizoram,MZ_Serchhip,Serchhip,3,3,0,0,0,0,0,0,0,,
0,NL,Nagaland,NL_Others,Others,3,3,0,0,0,0,0,0,0,,
440,NL,Nagaland,NL_Dimapur,Dimapur,33,29,4,0,0,0,0,0,0,,
441,NL,Nagaland,NL_Kiphire,Kiphire,4,4,0,0,0,0,0,0,0,,
442,NL,Nagaland,NL_Kohima,Kohima,17,17,0,0,0,0,0,0,0,,
443,NL,Nagaland,NL_Longleng,Longleng,0,0,0,0,0,0,0,0,0,,
444,NL,Nagaland,NL_Mokokchung,Mokokchung,0,0,0,0,0,0,0,0,0,,
445,NL,Nagaland,NL_Mon,Mon,48,48,0,0,0,0,0,0,0,,
446,NL,Nagaland,NL_Peren,Peren,149,147,2,0,0,0,0,0,0,,
447,NL,Nagaland,NL_Phek,Phek,2,2,0,0,0,0,0,0,0,,
448,NL,Nagaland,NL_Tuensang,Tuensang,13,13,0,0,0,0,0,0,0,,
449,NL,Nagaland,NL_Wokha,Wokha,9,9,0,0,0,0,0,0,0,,
450,NL,Nagaland,NL_Zunheboto,Zunheboto,2,2,0,0,0,0,0,0,0,,
0,OR,Odisha,OR_Others,Others,268,268,0,0,0,0,0,0,0,Includes NDRF-ODRF returnees after West Bengal Amphan duty,
451,OR,Odisha,OR_Angul,Angul,56,16,40,0,0,0,0,0,0,,
452,OR,Odisha,OR_Balangir,Balangir,153,12,141,0,0,1,1,0,0,,
453,OR,Odisha,OR_Balasore,Balasore,320,111,208,1,0,13,13,0,0,,
454,OR,Odisha,OR_Bargarh,Bargarh,68,34,33,1,0,1,1,0,0,,
456,OR,Odisha,OR_Bhadrak,Bhadrak,200,22,178,0,0,0,0,0,0,,
455,OR,Odisha,OR_Boudh,Boudh,40,2,38,0,0,0,0,0,0,,
457,OR,Odisha,OR_Cuttack,Cuttack,417,31,385,1,0,3,3,0,0,,
458,OR,Odisha,OR_Deogarh,Deogarh,41,1,40,0,0,0,0,0,0,,
459,OR,Odisha,OR_Dhenkanal,Dhenkanal,65,14,51,0,0,9,9,0,0,,
460,OR,Odisha,OR_Gajapati,Gajapati,279,181,98,0,0,41,41,0,0,,
461,OR,Odisha,OR_Ganjam,Ganjam,955,277,670,8,0,30,30,0,0,,
462,OR,Odisha,OR_Jagatsinghpur,Jagatsinghpur,228,95,133,0,0,19,19,0,0,,
463,OR,Odisha,OR_Jajpur,Jajpur,387,58,329,0,0,5,5,0,0,,
464,OR,Odisha,OR_Jharsuguda,Jharsuguda,50,32,18,0,0,3,3,0,0,,
465,OR,Odisha,OR_Kalahandi,Kalahandi,70,29,41,0,0,0,0,0,0,,
466,OR,Odisha,OR_Kandhamal,Kandhamal,159,15,144,0,0,0,0,0,0,,
467,OR,Odisha,OR_Kendrapara,Kendrapara,220,40,180,0,0,7,7,0,0,,
468,OR,Odisha,OR_Kendujhar,Kendujhar,100,39,61,0,0,0,0,0,0,,
469,OR,Odisha,OR_Khordha,Khordha,468,59,403,6,0,8,8,0,0,,
470,OR,Odisha,OR_Koraput,Koraput,25,8,17,0,0,1,1,0,0,,
471,OR,Odisha,OR_Malkangiri,Malkangiri,53,10,43,0,0,0,0,0,0,,
472,OR,Odisha,OR_Mayurbhanj,Mayurbhanj,159,52,106,1,0,14,14,0,0,,
473,OR,Odisha,OR_Nabarangapur,Nabarangapur,13,10,2,1,0,0,0,0,0,,
474,OR,Odisha,OR_Nayagarh,Nayagarh,131,20,111,0,0,2,2,0,0,,
475,OR,Odisha,OR_Nuapada,Nuapada,79,8,71,0,0,0,0,0,0,,
476,OR,Odisha,OR_Puri,Puri,215,79,134,2,0,1,1,0,0,,
477,OR,Odisha,OR_Rayagada,Rayagada,22,15,7,0,0,5,5,0,0,,
478,OR,Odisha,OR_Sambalpur,Sambalpur,31,8,23,0,0,0,0,0,0,,
479,OR,Odisha,OR_Subarnapur,Subarnapur,35,4,31,0,0,0,0,0,0,,
480,OR,Odisha,OR_Sundargarh,Sundargarh,163,36,127,0,0,4,4,0,0,,
485,PB,Punjab,PB_Amritsar,Amritsar,786,232,523,31,0,0,0,0,0,,
486,PB,Punjab,PB_Barnala,Barnala,43,14,27,2,0,0,0,0,0,,
487,PB,Punjab,PB_Bathinda,Bathinda,68,12,56,0,0,0,0,0,0,,
488,PB,Punjab,PB_Faridkot,Faridkot,98,25,73,0,0,0,0,0,0,,
489,PB,Punjab,PB_Fatehgarh Sahib,Fatehgarh Sahib,90,14,76,0,0,0,0,0,0,,
490,PB,Punjab,PB_Fazilka,Fazilka,75,25,50,0,0,0,0,0,0,,
491,PB,Punjab,PB_Ferozepur,Ferozepur,73,24,46,3,0,0,0,0,0,,
492,PB,Punjab,PB_Gurdaspur,Gurdaspur,191,23,165,3,0,0,0,0,0,,
493,PB,Punjab,PB_Hoshiarpur,Hoshiarpur,164,22,137,5,0,0,0,0,0,,
494,PB,Punjab,PB_Jalandhar,Jalandhar,564,248,302,14,0,0,0,0,0,,
495,PB,Punjab,PB_Kapurthala,Kapurthala,63,15,44,4,0,0,0,0,0,,
496,PB,Punjab,PB_Ludhiana,Ludhiana,581,324,241,16,0,0,0,0,0,,
497,PB,Punjab,PB_Mansa,Mansa,39,4,35,0,0,0,0,0,0,,
498,PB,Punjab,PB_Moga,Moga,76,2,73,1,0,0,0,0,0,,
499,PB,Punjab,PB_Pathankot,Pathankot,188,48,135,5,0,0,0,0,0,,
500,PB,Punjab,PB_Patiala,Patiala,214,81,129,4,0,0,0,0,0,,
501,PB,Punjab,PB_Rupnagar,Rupnagar,89,14,74,1,0,0,0,0,0,,
502,PB,Punjab,PB_S.A.S. Nagar,S.A.S. Nagar,219,68,148,3,0,0,0,0,0,,
503,PB,Punjab,PB_Sangrur,Sangrur,221,75,140,6,0,0,0,0,0,,
504,PB,Punjab,PB_Shahid Bhagat Singh Nagar,Shahid Bhagat Singh Nagar,125,6,118,1,0,0,0,0,0,,
505,PB,Punjab,PB_Sri Muktsar Sahib,Sri Muktsar Sahib,84,12,72,0,0,0,0,0,0,,
506,PB,Punjab,PB_Tarn Taran,Tarn Taran,184,21,161,2,0,0,0,0,0,,
481,PY,Puducherry,PY_Karaikal,Karaikal,10,7,3,0,0,0,0,0,0,,
482,PY,Puducherry,PY_Mahe,Mahe,9,0,9,0,0,0,0,0,0,,
483,PY,Puducherry,PY_Puducherry,Puducherry,363,218,137,8,0,0,0,0,0,,
484,PY,Puducherry,PY_Yanam,Yanam,1,1,0,0,0,0,0,0,0,,
507,RJ,Rajasthan,RJ_Ajmer,Ajmer,455,47,394,14,0,0,0,0,0,,
508,RJ,Rajasthan,RJ_Alwar,Alwar,358,51,302,5,0,0,0,0,0,,
509,RJ,Rajasthan,RJ_Banswara,Banswara,92,2,88,2,0,0,0,0,0,,
510,RJ,Rajasthan,RJ_Baran,Baran,62,0,58,4,0,0,0,0,0,,
511,RJ,Rajasthan,RJ_Barmer,Barmer,192,68,122,2,0,0,0,0,0,,
512,RJ,Rajasthan,RJ_Bharatpur,Bharatpur,1358,408,920,30,0,0,0,0,0,,
513,RJ,Rajasthan,RJ_Bhilwara,Bhilwara,227,44,180,3,0,0,0,0,0,,
514,RJ,Rajasthan,RJ_Bikaner,Bikaner,198,76,115,7,0,0,0,0,0,,
0,RJ,Rajasthan,RJ_BSF Camp,BSF Camp,50,0,50,0,0,0,0,0,0,,
515,RJ,Rajasthan,RJ_Bundi,Bundi,10,2,8,0,0,0,0,0,0,,
516,RJ,Rajasthan,RJ_Chittorgarh,Chittorgarh,208,6,196,6,0,0,0,0,0,,
517,RJ,Rajasthan,RJ_Churu,Churu,273,95,176,2,0,0,0,0,0,,
518,RJ,Rajasthan,RJ_Dausa,Dausa,110,20,88,2,0,0,0,0,0,,
519,RJ,Rajasthan,RJ_Dholpur,Dholpur,415,345,67,3,0,0,0,0,0,,
520,RJ,Rajasthan,RJ_Dungarpur,Dungarpur,415,33,382,0,0,0,0,0,0,,
0,RJ,Rajasthan,RJ_Evacuees,Evacuees,61,0,61,0,0,0,0,0,0,,
521,RJ,Rajasthan,RJ_Ganganagar,Ganganagar,48,36,11,1,0,0,0,0,0,,
522,RJ,Rajasthan,RJ_Hanumangarh,Hanumangarh,48,13,35,0,0,0,0,0,0,,
0,RJ,Rajasthan,RJ_Italians,Italians,2,0,2,0,0,0,0,0,0,,
523,RJ,Rajasthan,RJ_Jaipur,Jaipur,2899,422,2327,150,0,0,0,0,0,,
524,RJ,Rajasthan,RJ_Jaisalmer,Jaisalmer,98,22,76,0,0,0,0,0,0,,
525,RJ,Rajasthan,RJ_Jalore,Jalore,233,59,172,2,0,0,0,0,0,,
526,RJ,Rajasthan,RJ_Jhalawar,Jhalawar,367,22,345,0,0,0,0,0,0,,
527,RJ,Rajasthan,RJ_Jhunjhunu,Jhunjhunu,314,50,263,1,0,0,0,0,0,,
528,RJ,Rajasthan,RJ_Jodhpur,Jodhpur,2459,414,2011,34,0,0,0,0,0,,
529,RJ,Rajasthan,RJ_Karauli,Karauli,70,35,31,4,0,0,0,0,0,,
530,RJ,Rajasthan,RJ_Kota,Kota,562,24,518,20,0,0,0,0,0,,
531,RJ,Rajasthan,RJ_Nagaur,Nagaur,598,71,515,12,0,0,0,0,0,,
0,RJ,Rajasthan,RJ_Other State,Other State,86,63,0,23,0,0,0,0,0,,
532,RJ,Rajasthan,RJ_Pali,Pali,977,206,763,8,0,0,0,0,0,,
533,RJ,Rajasthan,RJ_Pratapgarh,Pratapgarh,14,0,13,1,0,0,0,0,0,,
534,RJ,Rajasthan,RJ_Rajsamand,Rajsamand,208,42,165,1,0,0,0,0,0,,
535,RJ,Rajasthan,RJ_Sawai Madhopur,Sawai Madhopur,75,15,55,5,0,0,0,0,0,,
536,RJ,Rajasthan,RJ_Sikar,Sikar,472,89,378,5,0,0,0,0,0,,
537,RJ,Rajasthan,RJ_Sirohi,Sirohi,360,113,242,5,0,0,0,0,0,,
538,RJ,Rajasthan,RJ_Tonk,Tonk,200,11,188,1,0,0,0,0,0,,
539,RJ,Rajasthan,RJ_Udaipur,Udaipur,658,62,593,3,0,0,0,0,0,,
540,SK,Sikkim,SK_East Sikkim,East Sikkim,25,24,1,0,0,0,0,0,0,,
541,SK,Sikkim,SK_North Sikkim,North Sikkim,0,0,0,0,0,0,0,0,0,,
542,SK,Sikkim,SK_South Sikkim,South Sikkim,31,13,18,0,0,0,0,0,0,,
543,SK,Sikkim,SK_West Sikkim,West Sikkim,21,20,1,0,0,0,0,0,0,,
0,TG,Telangana,TG_Foreign Evacuees,Foreign Evacuees,33,33,0,0,0,0,0,0,0,,
0,TG,Telangana,TG_Other State,Other State,250,250,0,0,0,0,0,0,0,,
576,TG,Telangana,TG_Adilabad,Adilabad,34,19,15,0,0,0,0,0,0,,
577,TG,Telangana,TG_Bhadradri Kothagudem,Bhadradri Kothagudem,6,2,4,0,0,0,0,0,0,,
578,TG,Telangana,TG_Hyderabad,Hyderabad,6225,5897,305,23,0,0,0,0,0,,
579,TG,Telangana,TG_Jagtial,Jagtial,18,16,2,0,0,0,0,0,0,,
580,TG,Telangana,TG_Jangaon,Jangaon,68,67,1,0,0,0,0,0,0,,
581,TG,Telangana,TG_Jayashankar Bhupalapally,Jayashankar Bhupalapally,6,6,0,0,0,0,0,0,0,,
582,TG,Telangana,TG_Jogulamba Gadwal,Jogulamba Gadwal,46,20,25,1,0,0,0,0,0,,
583,TG,Telangana,TG_Kamareddy,Kamareddy,22,14,8,0,0,0,0,0,0,,
584,TG,Telangana,TG_Karimnagar,Karimnagar,64,48,16,0,0,0,0,0,0,,
585,TG,Telangana,TG_Khammam,Khammam,26,23,3,0,0,0,0,0,0,,
586,TG,Telangana,TG_Komaram Bheem,Komaram Bheem,21,19,2,0,0,0,0,0,0,,
587,TG,Telangana,TG_Mahabubabad,Mahabubabad,8,7,1,0,0,0,0,0,0,,
588,TG,Telangana,TG_Mahabubnagar,Mahabubnagar,55,47,8,0,0,0,0,0,0,,
589,TG,Telangana,TG_Mancherial,Mancherial,23,22,0,1,0,0,0,0,0,,
590,TG,Telangana,TG_Medak,Medak,43,39,4,0,0,0,0,0,0,,
591,TG,Telangana,TG_Medchal Malkajgiri,Medchal Malkajgiri,188,178,9,1,0,0,0,0,0,,
592,TG,Telangana,TG_Mulugu,Mulugu,12,10,2,0,0,0,0,0,0,,
593,TG,Telangana,TG_Nagarkurnool,Nagarkurnool,9,7,2,0,0,0,0,0,0,,
594,TG,Telangana,TG_Nalgonda,Nalgonda,32,20,12,0,0,0,0,0,0,,
595,TG,Telangana,TG_Narayanpet,Narayanpet,3,2,0,1,0,0,0,0,0,,
596,TG,Telangana,TG_Nirmal,Nirmal,26,13,13,0,0,0,0,0,0,,
597,TG,Telangana,TG_Nizamabad,Nizamabad,77,47,30,0,0,0,0,0,0,,
598,TG,Telangana,TG_Peddapalli,Peddapalli,5,4,1,0,0,0,0,0,0,,
599,TG,Telangana,TG_Rajanna Sircilla,Rajanna Sircilla,10,8,2,0,0,0,0,0,0,,
600,TG,Telangana,TG_Ranga Reddy,Ranga Reddy,577,558,17,2,0,0,0,0,0,,
601,TG,Telangana,TG_Sangareddy,Sangareddy,90,84,6,0,0,0,0,0,0,,
602,TG,Telangana,TG_Siddipet,Siddipet,10,9,1,0,0,0,0,0,0,,
603,TG,Telangana,TG_Suryapet,Suryapet,88,64,24,0,0,0,0,0,0,,
604,TG,Telangana,TG_Vikarabad,Vikarabad,44,28,15,1,0,0,0,0,0,,
605,TG,Telangana,TG_Wanaparthy,Wanaparthy,5,5,0,0,0,0,0,0,0,,
606,TG,Telangana,TG_Warangal Rural,Warangal Rural,17,17,0,0,0,0,0,0,0,,
607,TG,Telangana,TG_Warangal Urban,Warangal Urban,62,39,23,0,0,0,0,0,0,,
608,TG,Telangana,TG_Yadadri Bhuvanagiri,Yadadri Bhuvanagiri,15,15,0,0,0,0,0,0,0,,
0,TN,Tamil Nadu,TN_Railway Quarantine,Railway Quarantine,401,210,191,0,0,0,0,0,0,,
0,TN,Tamil Nadu,TN_Airport Quarantine,Airport Quarantine,416,237,178,1,0,0,0,0,0,,
0,TN,Tamil Nadu,TN_Other State,Other State,0,-3,0,3,0,0,0,0,0,,
544,TN,Tamil Nadu,TN_Ariyalur,Ariyalur,432,45,387,0,0,0,0,0,0,,
732,TN,Tamil Nadu,TN_Chengalpattu,Chengalpattu,3872,1851,1968,53,0,0,0,0,0,,
545,TN,Tamil Nadu,TN_Chennai,Chennai,42752,18376,23756,620,0,0,0,0,0,,
546,TN,Tamil Nadu,TN_Coimbatore,Coimbatore,280,115,164,1,0,0,0,0,0,,
547,TN,Tamil Nadu,TN_Cuddalore,Cuddalore,823,328,492,3,0,0,0,0,0,,
548,TN,Tamil Nadu,TN_Dharmapuri,Dharmapuri,32,15,17,0,0,0,0,0,0,,
549,TN,Tamil Nadu,TN_Dindigul,Dindigul,312,95,213,4,0,0,0,0,0,,
550,TN,Tamil Nadu,TN_Erode,Erode,83,10,72,1,0,0,0,0,0,,
734,TN,Tamil Nadu,TN_Kallakurichi,Kallakurichi,395,93,301,1,0,0,0,0,0,,
551,TN,Tamil Nadu,TN_Kancheepuram,Kancheepuram,1215,603,600,12,0,0,0,0,0,,
552,TN,Tamil Nadu,TN_Kanyakumari,Kanyakumari,178,78,99,1,0,0,0,0,0,,
553,TN,Tamil Nadu,TN_Karur,Karur,119,33,86,0,0,0,0,0,0,,
554,TN,Tamil Nadu,TN_Krishnagiri,Krishnagiri,72,38,32,2,0,0,0,0,0,,
555,TN,Tamil Nadu,TN_Madurai,Madurai,849,452,389,8,0,0,0,0,0,,
556,TN,Tamil Nadu,TN_Nagapattinam,Nagapattinam,219,152,67,0,0,0,0,0,0,,
557,TN,Tamil Nadu,TN_Namakkal,Namakkal,89,3,85,1,0,0,0,0,0,,
564,TN,Tamil Nadu,TN_Nilgiris,Nilgiris,31,17,14,0,0,0,0,0,0,,
558,TN,Tamil Nadu,TN_Perambalur,Perambalur,151,7,144,0,0,0,0,0,0,,
559,TN,Tamil Nadu,TN_Pudukkottai,Pudukkottai,86,49,36,1,0,0,0,0,0,,
560,TN,Tamil Nadu,TN_Ramanathapuram,Ramanathapuram,317,184,131,2,0,0,0,0,0,,
733,TN,Tamil Nadu,TN_Ranipet,Ranipet,525,232,291,2,0,0,0,0,0,,
561,TN,Tamil Nadu,TN_Salem,Salem,352,148,204,0,0,0,0,0,0,,
562,TN,Tamil Nadu,TN_Sivaganga,Sivaganga,103,49,53,1,0,0,0,0,0,,
731,TN,Tamil Nadu,TN_Tenkasi,Tenkasi,261,153,108,0,0,0,0,0,0,,
563,TN,Tamil Nadu,TN_Thanjavur,Thanjavur,308,177,130,1,0,0,0,0,0,,
565,TN,Tamil Nadu,TN_Theni,Theni,236,105,129,2,0,0,0,0,0,,
566,TN,Tamil Nadu,TN_Thiruvallur,Thiruvallur,2645,1176,1427,42,0,0,0,0,0,,
567,TN,Tamil Nadu,TN_Thiruvarur,Thiruvarur,231,126,105,0,0,0,0,0,0,,
568,TN,Tamil Nadu,TN_Thoothukkudi,Thoothukkudi,639,244,391,4,0,0,0,0,0,,
569,TN,Tamil Nadu,TN_Tiruchirappalli,Tiruchirappalli,310,147,162,1,0,0,0,0,0,,
570,TN,Tamil Nadu,TN_Tirunelveli,Tirunelveli,644,212,428,4,0,0,0,0,0,,
735,TN,Tamil Nadu,TN_Tirupathur,Tirupathur,83,43,40,0,0,0,0,0,0,,
571,TN,Tamil Nadu,TN_Tiruppur,Tiruppur,122,6,116,0,0,0,0,0,0,,
572,TN,Tamil Nadu,TN_Tiruvannamalai,Tiruvannamalai,1199,727,465,7,0,0,0,0,0,,
573,TN,Tamil Nadu,TN_Vellore,Vellore,491,377,111,3,0,0,0,0,0,,
574,TN,Tamil Nadu,TN_Viluppuram,Viluppuram,606,203,391,12,0,0,0,0,0,,
575,TN,Tamil Nadu,TN_Virudhunagar,Virudhunagar,208,68,139,1,0,0,0,0,0,,
609,TR,Tripura,TR_Dhalai,Dhalai,205,5,200,0,0,0,0,0,0,,
610,TR,Tripura,TR_Gomati,Gomati,121,39,82,0,0,0,0,0,0,,
611,TR,Tripura,TR_Khowai,Khowai,41,15,26,0,0,0,0,0,0,,
612,TR,Tripura,TR_North Tripura,North Tripura,21,9,12,0,0,0,0,0,0,,
613,TR,Tripura,TR_Sipahijala,Sipahijala,536,264,272,0,0,0,0,0,0,,
614,TR,Tripura,TR_South Tripura,South Tripura,101,33,68,0,0,0,0,0,0,,
615,TR,Tripura,TR_Unokoti,Unokoti,68,19,49,0,0,0,0,0,0,,
616,TR,Tripura,TR_West Tripura,West Tripura,147,73,73,1,0,0,0,0,0,,
617,UP,Uttar Pradesh,UP_Agra,Agra,1144,127,934,83,0,0,0,0,0,,
618,UP,Uttar Pradesh,UP_Aligarh,Aligarh,374,156,197,21,0,0,0,0,0,,
619,UP,Uttar Pradesh,UP_Ambedkar Nagar,Ambedkar Nagar,111,19,88,4,0,0,0,0,0,,
620,UP,Uttar Pradesh,UP_Amethi,Amethi,269,33,235,1,0,0,0,0,0,,
621,UP,Uttar Pradesh,UP_Amroha,Amroha,111,34,75,2,0,0,0,0,0,,
622,UP,Uttar Pradesh,UP_Auraiya,Auraiya,89,36,51,2,0,0,0,0,0,,
765,UP,Uttar Pradesh,UP_Ayodhya,Ayodhya,222,79,139,4,0,0,0,0,0,,
623,UP,Uttar Pradesh,UP_Azamgarh,Azamgarh,179,16,157,6,0,0,0,0,0,,
624,UP,Uttar Pradesh,UP_Baghpat,Baghpat,222,83,136,3,0,0,0,0,0,,
625,UP,Uttar Pradesh,UP_Bahraich,Bahraich,121,14,106,1,0,0,0,0,0,,
626,UP,Uttar Pradesh,UP_Ballia,Ballia,92,30,62,0,0,0,0,0,0,,
627,UP,Uttar Pradesh,UP_Balrampur,Balrampur,55,8,46,1,0,0,0,0,0,,
628,UP,Uttar Pradesh,UP_Banda,Banda,40,10,30,0,0,0,0,0,0,,
629,UP,Uttar Pradesh,UP_Barabanki,Barabanki,286,91,194,1,0,0,0,0,0,,
630,UP,Uttar Pradesh,UP_Bareilly,Bareilly,181,75,103,3,0,0,0,0,0,,
631,UP,Uttar Pradesh,UP_Basti,Basti,326,98,216,12,0,0,0,0,0,,
632,UP,Uttar Pradesh,UP_Bhadohi,Bhadohi,117,42,74,1,0,0,0,0,0,,
633,UP,Uttar Pradesh,UP_Bijnor,Bijnor,225,27,193,5,0,0,0,0,0,,
634,UP,Uttar Pradesh,UP_Budaun,Budaun,93,42,49,2,0,0,0,0,0,,
635,UP,Uttar Pradesh,UP_Bulandshahr,Bulandshahr,518,261,238,19,0,0,0,0,0,,
636,UP,Uttar Pradesh,UP_Chandauli,Chandauli,70,33,36,1,0,0,0,0,0,,
637,UP,Uttar Pradesh,UP_Chitrakoot,Chitrakoot,88,17,69,2,0,0,0,0,0,,
638,UP,Uttar Pradesh,UP_Deoria,Deoria,177,41,133,3,0,0,0,0,0,,
639,UP,Uttar Pradesh,UP_Etah,Etah,102,54,42,6,0,0,0,0,0,,
640,UP,Uttar Pradesh,UP_Etawah,Etawah,194,93,94,7,0,0,0,0,0,,
642,UP,Uttar Pradesh,UP_Farrukhabad,Farrukhabad,109,59,47,3,0,0,0,0,0,,
643,UP,Uttar Pradesh,UP_Fatehpur,Fatehpur,113,22,91,0,0,0,0,0,0,,
644,UP,Uttar Pradesh,UP_Firozabad,Firozabad,462,115,327,20,0,0,0,0,0,,
645,UP,Uttar Pradesh,UP_Gautam Buddha Nagar,Gautam Buddha Nagar,1516,603,894,19,0,0,0,0,0,,
646,UP,Uttar Pradesh,UP_Ghaziabad,Ghaziabad,942,398,497,47,0,0,0,0,0,,
647,UP,Uttar Pradesh,UP_Ghazipur,Ghazipur,284,109,174,1,0,0,0,0,0,,
648,UP,Uttar Pradesh,UP_Gonda,Gonda,139,27,109,3,0,0,0,0,0,,
649,UP,Uttar Pradesh,UP_Gorakhpur,Gorakhpur,240,77,152,11,0,0,0,0,0,,
650,UP,Uttar Pradesh,UP_Hamirpur,Hamirpur,68,35,32,1,0,0,0,0,0,,
651,UP,Uttar Pradesh,UP_Hapur,Hapur,456,248,197,11,0,0,0,0,0,,
652,UP,Uttar Pradesh,UP_Hardoi,Hardoi,189,67,119,3,0,0,0,0,0,,
653,UP,Uttar Pradesh,UP_Hathras,Hathras,143,71,69,3,0,0,0,0,0,,
654,UP,Uttar Pradesh,UP_Jalaun,Jalaun,143,77,61,5,0,0,0,0,0,,
655,UP,Uttar Pradesh,UP_Jaunpur,Jaunpur,477,146,325,6,0,0,0,0,0,,
656,UP,Uttar Pradesh,UP_Jhansi,Jhansi,106,40,54,12,0,0,0,0,0,,
657,UP,Uttar Pradesh,UP_Kannauj,Kannauj,213,84,128,1,0,0,0,0,0,,
658,UP,Uttar Pradesh,UP_Kanpur Dehat,Kanpur Dehat,54,16,37,1,0,0,0,0,0,,
659,UP,Uttar Pradesh,UP_Kanpur Nagar,Kanpur Nagar,972,363,570,39,0,0,0,0,0,,
660,UP,Uttar Pradesh,UP_Kasganj,Kasganj,41,10,31,0,0,0,0,0,0,,
661,UP,Uttar Pradesh,UP_Kaushambi,Kaushambi,64,11,53,0,0,0,0,0,0,,
663,UP,Uttar Pradesh,UP_Kushinagar,Kushinagar,87,32,53,2,0,0,0,0,0,,
662,UP,Uttar Pradesh,UP_Lakhimpur Kheri,Lakhimpur Kheri,105,23,82,0,0,0,0,0,0,,
664,UP,Uttar Pradesh,UP_Lalitpur,Lalitpur,5,2,2,1,0,0,0,0,0,,
665,UP,Uttar Pradesh,UP_Lucknow,Lucknow,842,340,489,13,0,0,0,0,0,,
667,UP,Uttar Pradesh,UP_Maharajganj,Maharajganj,145,57,85,3,0,0,0,0,0,,
666,UP,Uttar Pradesh,UP_Mahoba,Mahoba,53,31,21,1,0,0,0,0,0,,
668,UP,Uttar Pradesh,UP_Mainpuri,Mainpuri,209,86,116,7,0,0,0,0,0,,
669,UP,Uttar Pradesh,UP_Mathura,Mathura,261,137,114,10,0,0,0,0,0,,
670,UP,Uttar Pradesh,UP_Mau,Mau,92,31,59,2,0,0,0,0,0,,
671,UP,Uttar Pradesh,UP_Meerut,Meerut,812,247,490,75,0,0,0,0,0,,
672,UP,Uttar Pradesh,UP_Mirzapur,Mirzapur,68,25,42,1,0,0,0,0,0,,
673,UP,Uttar Pradesh,UP_Moradabad,Moradabad,386,104,265,17,0,0,0,0,0,,
674,UP,Uttar Pradesh,UP_Muzaffarnagar,Muzaffarnagar,247,101,139,7,0,0,0,0,0,,
675,UP,Uttar Pradesh,UP_Pilibhit,Pilibhit,104,43,61,0,0,0,0,0,0,,
676,UP,Uttar Pradesh,UP_Pratapgarh,Pratapgarh,108,15,88,5,0,0,0,0,0,,
677,UP,Uttar Pradesh,UP_Prayagraj,Prayagraj,195,48,139,8,0,0,0,0,0,,
678,UP,Uttar Pradesh,UP_Rae Bareli,Rae Bareli,119,14,102,3,0,0,0,0,0,,
679,UP,Uttar Pradesh,UP_Rampur,Rampur,312,67,242,3,0,0,0,0,0,,
680,UP,Uttar Pradesh,UP_Saharanpur,Saharanpur,353,87,266,0,0,0,0,0,0,,
681,UP,Uttar Pradesh,UP_Sambhal,Sambhal,275,107,164,4,0,0,0,0,0,,
682,UP,Uttar Pradesh,UP_Sant Kabir Nagar,Sant Kabir Nagar,195,42,146,7,0,0,0,0,0,,
683,UP,Uttar Pradesh,UP_Shahjahanpur,Shahjahanpur,98,48,50,0,0,0,0,0,0,,
684,UP,Uttar Pradesh,UP_Shamli,Shamli,100,44,55,1,0,0,0,0,0,,
685,UP,Uttar Pradesh,UP_Shrawasti,Shrawasti,53,6,46,1,0,0,0,0,0,,
686,UP,Uttar Pradesh,UP_Siddharthnagar,Siddharthnagar,223,61,154,8,0,0,0,0,0,,
687,UP,Uttar Pradesh,UP_Sitapur,Sitapur,56,11,45,0,0,0,0,0,0,,
688,UP,Uttar Pradesh,UP_Sonbhadra,Sonbhadra,32,3,29,0,0,0,0,0,0,,
689,UP,Uttar Pradesh,UP_Sultanpur,Sultanpur,173,69,103,1,0,0,0,0,0,,
690,UP,Uttar Pradesh,UP_Unnao,Unnao,129,71,56,2,0,0,0,0,0,,
691,UP,Uttar Pradesh,UP_Varanasi,Varanasi,348,103,234,11,0,0,0,0,0,,
692,UT,Uttarakhand,UT_Almora,Almora,149,72,75,2,0,0,0,0,0,,
693,UT,Uttarakhand,UT_Bageshwar,Bageshwar,59,12,46,1,0,0,0,0,0,,
694,UT,Uttarakhand,UT_Chamoli,Chamoli,63,21,42,0,0,0,0,0,0,,
695,UT,Uttarakhand,UT_Champawat,Champawat,48,3,44,1,0,0,0,0,0,,
696,UT,Uttarakhand,UT_Dehradun,Dehradun,608,160,419,16,13,0,0,0,0,,
697,UT,Uttarakhand,UT_Haridwar,Haridwar,288,160,126,0,2,0,0,0,0,,
698,UT,Uttarakhand,UT_Nainital,Nainital,368,98,268,2,0,0,0,0,0,,
699,UT,Uttarakhand,UT_Pauri Garhwal,Pauri Garhwal,109,56,50,3,0,0,0,0,0,,
700,UT,Uttarakhand,UT_Pithoragarh,Pithoragarh,64,37,27,0,0,0,0,0,0,,
701,UT,Uttarakhand,UT_Rudraprayag,Rudraprayag,60,20,39,1,0,0,0,0,0,,
702,UT,Uttarakhand,UT_Tehri Garhwal,Tehri Garhwal,377,114,263,0,0,0,0,0,0,,
703,UT,Uttarakhand,UT_Udham Singh Nagar,Udham Singh Nagar,152,54,96,2,0,0,0,0,0,,
704,UT,Uttarakhand,UT_Uttarkashi,Uttarkashi,57,31,26,0,0,0,0,0,0,,
705,WB,West Bengal,WB_Alipurduar,Alipurduar,176,110,66,0,0,0,0,0,0,,
706,WB,West Bengal,WB_Bankura,Bankura,201,56,145,0,0,0,0,0,0,,
707,WB,West Bengal,WB_Birbhum,Birbhum,281,35,244,2,0,0,0,0,0,,
708,WB,West Bengal,WB_Cooch Behar,Cooch Behar,288,24,264,0,0,0,0,0,0,,
709,WB,West Bengal,WB_Dakshin Dinajpur,Dakshin Dinajpur,126,56,70,0,0,0,0,0,0,,
710,WB,West Bengal,WB_Darjeeling,Darjeeling,329,159,165,5,0,0,0,0,0,,
711,WB,West Bengal,WB_Hooghly,Hooghly,800,234,547,19,0,0,0,0,0,,
712,WB,West Bengal,WB_Howrah,Howrah,2145,567,1500,78,0,0,0,0,0,,
713,WB,West Bengal,WB_Jalpaiguri,Jalpaiguri,300,128,172,0,0,0,0,0,0,,
714,WB,West Bengal,WB_Jhargram,Jhargram,19,0,19,0,0,0,0,0,0,,
715,WB,West Bengal,WB_Kalimpong,Kalimpong,52,13,38,1,0,0,0,0,0,,
716,WB,West Bengal,WB_Kolkata,Kolkata,4734,2004,2394,336,0,0,0,0,0,,
717,WB,West Bengal,WB_Malda,Malda,435,153,282,0,0,0,0,0,0,,
719,WB,West Bengal,WB_Murshidabad,Murshidabad,202,45,154,3,0,0,0,0,0,,
720,WB,West Bengal,WB_Nadia,Nadia,268,108,155,5,0,0,0,0,0,,
721,WB,West Bengal,WB_North 24 Parganas,North 24 Parganas,2046,783,1176,87,0,0,0,0,0,,
0,WB,West Bengal,WB_Other State,Other State,66,8,55,3,0,0,0,0,0,,
722,WB,West Bengal,WB_Paschim Bardhaman,Paschim Bardhaman,123,29,91,3,0,0,0,0,0,,
718,WB,West Bengal,WB_Paschim Medinipur,Paschim Medinipur,338,63,272,3,0,0,0,0,0,,
723,WB,West Bengal,WB_Purba Bardhaman,Purba Bardhaman,150,20,130,0,0,0,0,0,0,,
724,WB,West Bengal,WB_Purba Medinipur,Purba Medinipur,268,106,159,3,0,0,0,0,0,,
725,WB,West Bengal,WB_Purulia,Purulia,87,3,84,0,0,0,0,0,0,,
726,WB,West Bengal,WB_South 24 Parganas,South 24 Parganas,683,369,293,21,0,0,0,0,0,,
727,WB,West Bengal,WB_Uttar Dinajpur,Uttar Dinajpur,241,29,212,0,0,0,0,0,0,,
728,AN,Andaman and Nicobar Islands,AN_Unknown,Unknown,14,7,7,0,0,0,0,0,0,,
729,AP,Andhra Pradesh,AP_Unknown,Unknown,0,0,0,0,0,0,0,0,0,,
730,AR,Arunachal Pradesh,AR_Unknown,Unknown,0,0,0,0,0,0,0,0,0,,
731,AS,Assam,AS_Unknown,Unknown,1893,-764,2650,4,3,0,0,0,0,,
732,BR,Bihar,BR_Unknown,Unknown,0,0,0,0,0,0,0,0,0,,
733,CH,Chandigarh,CH_Unknown,Unknown,0,0,0,0,0,0,0,0,0,,
734,CT,Chhattisgarh,CT_Unknown,Unknown,0,0,0,0,0,0,0,0,0,,
735,DN,Dadra and Nagar Haveli and Daman and Diu,DN_Unknown,Unknown,0,0,0,0,0,0,0,0,0,,
737,DL,Delhi,DL_Unknown,Unknown,61867,23033,36602,2232,0,0,0,0,0,,
738,GA,Goa,GA_Unknown,Unknown,477,392,85,0,0,0,0,0,0,,
739,GJ,Gujarat,GJ_Unknown,Unknown,0,0,0,0,0,0,0,0,0,,
740,HR,Haryana,HR_Unknown,Unknown,0,0,0,0,0,0,0,0,0,,
741,HP,Himachal Pradesh,HP_Unknown,Unknown,0,0,0,0,0,0,0,0,0,,
742,JK,Jammu and Kashmir,JK_Unknown,Unknown,0,0,0,0,0,0,0,0,0,,
743,JH,Jharkhand,JH_Unknown,Unknown,0,0,0,0,0,0,0,0,0,,
744,KA,Karnataka,KA_Unknown,Unknown,0,0,0,0,0,0,0,0,0,,
745,KL,Kerala,KL_Unknown,Unknown,0,0,0,0,0,0,0,0,0,,
746,LA,Ladakh,LA_Unknown,Unknown,0,0,0,0,0,0,0,0,0,,
747,LD,Lakshadweep,LD_Unknown,Unknown,0,0,0,0,0,0,0,0,0,,
748,MP,Madhya Pradesh,MP_Unknown,Unknown,0,0,0,0,0,0,0,0,0,,
749,MH,Maharashtra,MH_Unknown,Unknown,0,0,0,0,0,0,0,0,0,,
750,MN,Manipur,MN_Unknown,Unknown,0,0,0,0,0,0,0,0,0,,
751,ML,Meghalaya,ML_Unknown,Unknown,1,-9,10,0,0,0,0,0,0,,
752,MZ,Mizoram,MZ_Unknown,Unknown,0,0,0,0,0,0,0,0,0,,
753,NL,Nagaland,NL_Unknown,Unknown,50,-85,135,0,0,0,0,0,0,,
754,OR,Odisha,OR_Unknown,Unknown,0,0,0,0,0,0,0,0,0,,
755,PY,Puducherry,PY_Unknown,Unknown,0,0,0,0,0,0,0,0,0,,
756,PB,Punjab,PB_Unknown,Unknown,0,0,0,0,0,0,0,0,0,,
757,RJ,Rajasthan,RJ_Unknown,Unknown,0,0,0,0,0,0,0,0,0,,
758,SK,Sikkim,SK_Unknown,Unknown,1,-8,9,0,0,0,0,0,0,,
759,TN,Tamil Nadu,TN_Unknown,Unknown,0,0,0,0,0,0,0,0,0,,
760,TG,Telangana,TG_Unknown,Unknown,456,-3185,3454,187,0,0,0,0,0,,
761,TR,Tripura,TR_Unknown,Unknown,0,0,0,0,0,0,0,0,0,,
762,UP,Uttar Pradesh,UP_Unknown,Unknown,0,0,0,0,0,0,0,0,0,,
763,UT,Uttarakhand,UT_Unknown,Unknown,0,0,0,0,0,0,0,0,0,,
764,WB,West Bengal,WB_Unknown,Unknown,0,0,0,0,0,0,0,0,0,,
